Shipment_ID,Distance_km,Shipment_Volume_kg,Delivery_Time_min,Transport_Cost_INR,Fuel_Used_L,Fuel_Efficiency_km_per_L,On_Time
SHP1001,33.09,384,52.36,2095.6,2.8,23.1,1
SHP1002,76.3,499,114.64,3273.37,2.22,23.83,0
SHP1003,59.9,391,75.0,2433.49,3.11,19.65,1
SHP1004,49.9,369,68.37,2868.07,3.54,17.45,1
SHP1005,16.7,66,36.5,772.4,1.0,18.88,1
SHP1006,16.7,374,69.02,1573.36,1.0,20.89,1
SHP1007,9.36,330,49.49,1276.28,1.0,14.59,1
SHP1008,69.96,443,103.37,2681.1,1.97,23.86,0
SHP1009,50.08,327,78.81,2287.77,3.89,16.26,1
SHP1010,58.11,163,74.58,2157.09,2.38,22.5,1
SHP1011,6.54,288,47.35,1050.37,1.0,20.58,1
SHP1012,77.74,389,87.91,3156.08,2.31,21.71,1
SHP1013,67.43,143,77.41,2301.65,2.54,19.82,1
SHP1014,20.93,125,55.31,995.71,1.85,21.54,1
SHP1015,18.64,177,38.1,983.63,1.12,19.82,1
SHP1016,18.76,166,47.27,1361.63,1.66,19.61,1
SHP1017,27.82,164,54.65,1205.47,2.11,18.76,1
SHP1018,44.36,139,63.84,1798.3,1.19,24.81,1
SHP1019,37.4,338,52.01,2135.17,3.16,21.92,1
SHP1020,26.84,294,53.26,1523.5,2.42,21.52,1
SHP1021,50.89,111,65.87,2059.88,2.37,18.81,1
SHP1022,15.46,77,45.28,674.56,1.0,20.41,1
SHP1023,26.91,458,63.32,1987.9,1.24,18.53,1
SHP1024,32.48,365,67.48,1912.35,1.79,19.77,1
SHP1025,39.21,248,61.37,1838.71,1.84,17.98,1
SHP1026,63.89,493,96.34,2664.32,2.43,24.97,0
SHP1027,19.98,136,36.53,1020.6,1.0,19.11,1
SHP1028,43.57,337,57.83,2464.26,2.87,18.81,1
SHP1029,49.43,298,57.32,2448.43,2.83,17.69,1
SHP1030,8.48,146,36.27,1088.88,1.02,19.07,1
SHP1031,50.57,412,73.71,2654.28,3.29,19.76,1
SHP1032,17.79,415,60.57,1795.65,1.0,20.88,1
SHP1033,9.88,148,36.22,930.53,1.0,19.39,1
SHP1034,76.17,77,93.52,2498.68,4.11,17.0,0
SHP1035,77.42,141,100.42,2474.27,6.04,17.21,0
SHP1036,65.63,20,76.2,2077.65,2.98,22.7,1
SHP1037,27.85,258,60.55,1840.85,1.83,20.69,1
SHP1038,12.33,309,55.35,1213.43,1.0,22.62,1
SHP1039,56.32,115,66.9,2219.84,2.54,22.95,1
SHP1040,38.01,145,63.47,1693.82,2.37,21.38,1
SHP1041,14.15,137,39.01,830.48,1.31,17.92,1
SHP1042,42.14,67,55.15,1426.82,2.34,21.47,1
SHP1043,7.58,108,26.32,1031.62,1.0,24.5,1
SHP1044,73.2,256,83.97,2825.16,3.72,19.88,1
SHP1045,24.41,392,59.32,1765.9,1.0,21.85,1
SHP1046,54.69,404,69.87,2444.79,2.07,20.97,1
SHP1047,28.38,291,55.0,1707.53,1.3,24.43,1
SHP1048,44.01,208,76.03,2052.71,1.85,19.31,1
SHP1049,46.0,211,74.75,2236.19,2.34,23.88,1
SHP1050,18.86,466,52.12,2045.19,1.22,20.06,1
SHP1051,77.72,88,106.34,2652.18,4.85,19.26,0
SHP1052,63.13,297,101.81,2537.46,3.54,21.27,0
SHP1053,75.46,368,98.27,2996.3,3.59,21.86,0
SHP1054,72.11,266,73.15,2787.78,3.25,25.78,1
SHP1055,49.84,470,87.72,2644.71,2.89,21.8,1
SHP1056,74.14,95,71.85,2660.59,3.15,21.48,1
SHP1057,11.64,173,55.21,1453.25,1.0,24.99,1
SHP1058,19.7,163,58.11,1194.83,1.0,22.5,1
SHP1059,8.39,454,62.09,1894.88,1.0,19.39,1
SHP1060,29.4,105,57.64,1596.61,1.81,24.39,1
SHP1061,34.15,204,58.85,1627.75,1.41,19.15,1
SHP1062,25.35,304,53.77,1937.93,2.06,19.38,1
SHP1063,67.16,481,90.04,3280.17,3.34,18.88,0
SHP1064,31.76,239,68.59,1605.18,1.99,18.66,1
SHP1065,26.07,88,58.23,1564.91,1.29,21.83,1
SHP1066,45.7,66,68.26,1859.04,1.66,20.36,1
SHP1067,15.57,113,39.19,1482.77,1.1,14.0,1
SHP1068,65.16,257,108.29,2457.21,3.41,20.33,0
SHP1069,10.59,465,57.19,1511.39,1.0,19.71,1
SHP1070,79.02,472,90.65,2815.92,2.6,23.23,0
SHP1071,62.92,223,80.52,2571.2,4.23,19.59,1
SHP1072,19.9,419,63.45,1764.63,1.0,27.35,1
SHP1073,5.41,237,33.75,949.37,1.0,24.49,1
SHP1074,66.16,493,96.74,3013.37,4.28,20.03,0
SHP1075,58.01,451,94.13,2456.12,2.8,23.87,0
SHP1076,59.68,360,58.44,2734.07,1.95,22.31,1
SHP1077,62.85,58,79.61,1974.53,2.29,21.58,1
SHP1078,10.55,119,40.66,1508.3,1.0,23.01,1
SHP1079,31.88,308,59.27,1767.05,1.69,21.14,1
SHP1080,13.69,273,49.92,1161.26,1.01,21.6,1
SHP1081,69.73,241,95.68,2541.39,3.59,23.06,0
SHP1082,51.75,376,80.9,2137.81,2.3,26.13,1
SHP1083,29.82,42,51.32,1388.66,2.19,21.63,1
SHP1084,9.77,269,49.4,1128.49,1.0,19.87,1
SHP1085,28.32,29,53.21,1401.69,1.32,15.93,1
SHP1086,29.39,265,57.7,1586.39,1.13,25.9,1
SHP1087,59.72,344,74.68,2791.44,2.89,20.34,1
SHP1088,52.82,119,61.67,2017.51,1.0,22.34,1
SHP1089,71.54,309,82.88,2719.44,2.44,25.76,1
SHP1090,40.42,199,68.73,2095.22,2.06,21.57,1
SHP1091,13.97,242,46.31,1419.34,1.0,20.51,1
SHP1092,58.49,413,74.11,3120.3,1.99,24.55,1
SHP1093,62.06,269,90.3,2409.95,3.35,22.15,0
SHP1094,47.1,166,81.88,1883.75,1.55,22.47,1
SHP1095,62.82,461,85.74,3168.73,4.08,17.19,1
SHP1096,42.03,115,51.73,1358.93,1.0,24.01,1
SHP1097,44.2,276,65.71,2358.28,3.67,21.94,1
SHP1098,37.07,344,74.35,2072.62,1.98,17.57,1
SHP1099,6.91,23,40.35,538.46,1.0,22.21,1
SHP1100,13.09,35,33.71,638.84,1.51,15.84,1
SHP1101,7.36,299,55.38,1084.01,1.0,26.85,1
SHP1102,52.73,355,90.79,2044.78,3.76,18.25,0
SHP1103,28.58,266,53.08,1544.43,1.36,25.03,1
SHP1104,43.14,277,64.63,2130.99,2.2,18.97,1
SHP1105,73.07,495,94.63,3034.73,3.13,22.4,0
SHP1106,23.7,403,54.5,2056.1,1.99,18.72,1
SHP1107,35.78,179,69.99,1949.49,1.66,23.49,1
SHP1108,61.67,494,93.85,3105.9,3.28,20.41,0
SHP1109,22.16,359,63.28,1698.06,1.32,22.17,1
SHP1110,10.77,171,48.07,631.37,1.0,21.04,1
SHP1111,26.73,415,74.94,1759.18,1.83,17.59,1
SHP1112,17.09,197,39.78,1210.05,1.0,22.26,1
SHP1113,74.73,182,95.88,2467.25,3.76,19.74,0
SHP1114,65.61,399,73.76,2702.37,2.11,23.61,1
SHP1115,52.51,52,61.72,2139.84,2.75,20.41,1
SHP1116,70.36,436,95.18,2615.7,2.35,20.81,0
SHP1117,65.28,464,95.86,3199.15,2.76,25.21,0
SHP1118,18.99,198,48.95,1438.49,1.0,26.95,1
SHP1119,71.94,446,92.73,3068.46,3.36,22.97,0
SHP1120,45.45,120,65.34,1626.1,1.61,20.28,1
SHP1121,65.56,287,99.27,2361.34,2.0,20.06,0
SHP1122,72.21,342,91.8,2559.39,3.6,18.95,0
SHP1123,28.85,84,68.6,1599.92,1.0,19.44,1
SHP1124,13.25,436,57.59,1858.16,1.0,20.32,1
SHP1125,22.1,187,55.57,1091.81,1.31,25.91,1
SHP1126,37.03,349,58.06,1945.62,2.77,20.51,1
SHP1127,66.35,62,90.79,2276.47,3.22,17.93,0
SHP1128,69.55,63,81.88,2218.46,3.25,21.1,1
SHP1129,5.52,304,32.35,828.31,1.0,21.45,1
SHP1130,43.31,416,78.28,2124.33,1.66,21.09,1
SHP1131,36.31,31,47.99,1764.44,1.98,23.0,1
SHP1132,21.66,114,43.65,1115.08,1.63,21.17,1
SHP1133,13.99,321,48.86,1361.15,1.0,22.92,1
SHP1134,30.32,405,81.52,1728.96,1.62,19.05,1
SHP1135,75.72,272,90.36,2917.21,3.75,25.45,0
SHP1136,29.24,261,55.67,1680.9,1.77,21.63,1
SHP1137,43.91,54,71.46,1517.06,2.5,22.0,1
SHP1138,57.73,234,70.97,2118.25,3.85,19.04,1
SHP1139,32.27,356,67.61,2178.34,2.27,22.18,1
SHP1140,77.88,109,103.12,2293.9,4.06,22.63,0
SHP1141,77.18,283,94.82,2987.76,4.36,18.08,0
SHP1142,23.88,112,59.64,854.67,1.19,16.85,1
SHP1143,42.29,429,76.05,2390.4,2.01,21.73,1
SHP1144,27.57,477,57.58,2148.72,1.07,19.78,1
SHP1145,26.36,109,51.71,1478.25,1.0,21.65,1
SHP1146,7.77,437,43.94,1433.45,1.0,17.77,1
SHP1147,50.72,134,72.21,2267.04,3.18,17.1,1
SHP1148,42.7,124,67.63,2117.79,1.63,21.52,1
SHP1149,8.86,410,51.87,1380.05,1.0,20.13,1
SHP1150,25.9,215,59.65,1411.1,1.55,15.72,1
SHP1151,73.12,333,75.9,2894.77,3.82,24.36,1
SHP1152,22.97,133,50.46,1168.08,1.08,17.73,1
SHP1153,15.87,94,32.65,932.56,1.39,27.43,1
SHP1154,41.71,432,71.13,2103.58,1.0,19.44,1
SHP1155,78.92,395,100.45,3447.91,4.4,22.0,0
SHP1156,23.15,439,66.84,1982.05,1.7,25.12,1
SHP1157,55.41,236,78.88,2160.42,2.78,24.7,1
SHP1158,62.12,296,87.93,1972.74,1.19,25.97,1
SHP1159,22.82,268,60.85,1263.13,1.94,17.19,1
SHP1160,59.62,183,90.9,2360.47,3.25,18.16,0
SHP1161,32.58,413,64.76,1583.36,1.0,21.56,1
SHP1162,52.42,376,81.04,2500.5,3.05,23.1,1
SHP1163,52.51,476,82.94,2455.7,3.37,20.97,1
SHP1164,45.18,427,71.58,2313.31,1.53,16.91,1
SHP1165,11.77,211,38.3,1155.27,1.0,22.24,1
SHP1166,67.65,246,70.74,2629.95,4.13,20.51,1
SHP1167,29.06,196,48.95,1489.71,2.16,20.48,1
SHP1168,18.99,118,33.53,1099.07,1.74,15.31,1
SHP1169,8.06,55,47.7,651.54,1.0,22.99,1
SHP1170,49.32,485,82.1,2646.12,2.75,21.36,1
SHP1171,55.82,115,75.41,2143.17,2.06,25.49,1
SHP1172,6.24,171,33.41,730.75,1.0,20.81,1
SHP1173,43.41,170,68.35,1816.62,2.09,22.42,1
SHP1174,21.99,209,45.59,1400.3,1.0,23.08,1
SHP1175,53.39,243,79.11,2292.68,3.59,16.63,1
SHP1176,18.08,56,47.47,1033.52,1.0,27.54,1
SHP1177,56.82,287,74.6,2300.34,2.84,19.92,1
SHP1178,34.01,388,59.18,2012.53,1.2,22.24,1
SHP1179,75.25,202,101.45,2710.6,2.37,22.6,0
SHP1180,15.31,32,42.32,933.05,1.15,18.96,1
SHP1181,30.58,298,55.05,1805.23,1.0,25.62,1
SHP1182,13.51,236,43.47,1405.29,1.0,21.66,1
SHP1183,74.35,374,89.26,2635.05,3.81,20.47,1
SHP1184,70.8,380,94.19,2975.04,2.07,21.35,0
SHP1185,24.35,305,63.27,1651.24,1.0,22.91,1
SHP1186,54.5,292,79.59,2107.14,2.41,21.03,1
SHP1187,66.29,388,110.32,2923.39,3.13,23.2,0
SHP1188,46.64,81,71.78,1727.54,3.22,16.79,1
SHP1189,44.72,103,69.3,1648.24,1.38,19.13,1
SHP1190,23.14,387,50.46,1666.59,1.86,15.65,1
SHP1191,11.98,236,43.34,1247.85,1.0,25.99,1
SHP1192,72.29,361,89.18,2672.86,2.25,25.96,1
SHP1193,72.53,416,79.65,3112.13,2.82,22.57,1
SHP1194,52.48,206,83.88,2133.18,3.32,18.47,1
SHP1195,30.43,38,50.59,1193.32,1.29,26.97,1
SHP1196,31.19,196,53.15,1714.2,1.63,19.49,1
SHP1197,59.45,119,81.03,2082.29,3.05,20.47,1
SHP1198,72.28,415,100.86,3174.32,3.93,21.4,0
SHP1199,71.53,464,94.83,3209.8,3.17,22.13,0
SHP1200,63.49,252,85.8,2216.37,2.84,22.61,1
SHP1201,53.15,422,87.98,2744.91,3.02,22.71,1
SHP1202,11.31,95,38.32,661.66,1.0,20.64,1
SHP1203,17.12,284,52.87,1610.71,1.13,22.67,1
SHP1204,72.39,474,85.04,3438.26,3.22,20.53,1
SHP1205,50.48,303,67.02,2373.44,2.0,22.45,1
SHP1206,5.69,225,44.91,646.92,1.0,22.24,1
SHP1207,12.61,242,35.54,1409.47,1.0,22.91,1
SHP1208,54.76,403,84.66,2957.19,3.14,22.59,1
SHP1209,5.38,71,34.8,696.61,1.0,19.89,1
SHP1210,17.06,358,49.34,1518.49,1.0,22.15,1
SHP1211,46.16,386,69.02,2079.28,2.42,22.63,1
SHP1212,56.89,163,85.73,2308.24,4.67,17.77,1
SHP1213,53.9,392,95.68,2719.29,2.72,20.31,0
SHP1214,21.82,88,51.62,1269.04,1.0,22.52,1
SHP1215,58.41,118,81.09,2645.77,2.41,25.27,1
SHP1216,22.79,415,52.7,1759.41,1.0,23.06,1
SHP1217,29.4,44,44.47,943.31,1.1,25.43,1
SHP1218,60.99,455,88.63,2840.36,3.62,20.0,1
SHP1219,53.72,398,74.06,2095.45,3.31,21.63,1
SHP1220,68.69,488,81.6,2930.38,3.39,23.01,1
SHP1221,54.32,72,80.6,2259.42,3.5,15.18,1
SHP1222,47.62,170,78.21,2005.09,2.6,24.78,1
SHP1223,12.03,163,36.58,1095.26,1.0,16.35,1
SHP1224,32.58,76,59.26,1686.27,1.0,23.49,1
SHP1225,24.89,58,58.88,1108.28,1.0,22.72,1
SHP1226,23.3,128,53.01,1503.67,1.52,15.15,1
SHP1227,77.98,200,86.28,2846.19,5.41,15.28,1
SHP1228,34.48,61,56.56,1457.35,1.28,24.58,1
SHP1229,71.9,205,101.82,2316.39,2.45,24.04,0
SHP1230,52.34,442,83.85,2495.51,3.37,18.8,1
SHP1231,64.61,417,95.13,2551.78,3.3,18.8,0
SHP1232,42.7,242,72.09,1916.57,1.98,22.28,1
SHP1233,48.27,141,64.33,1980.76,2.63,20.97,1
SHP1234,41.94,152,61.55,1545.32,1.8,23.64,1
SHP1235,19.64,182,52.58,1633.6,1.0,22.2,1
SHP1236,59.18,234,88.55,2387.74,2.99,24.96,1
SHP1237,26.06,240,65.12,1531.85,1.2,23.43,1
SHP1238,6.82,254,34.81,1250.86,1.0,22.8,1
SHP1239,53.41,350,83.88,2269.8,2.98,20.12,1
SHP1240,18.28,165,57.88,1295.65,2.13,19.94,1
SHP1241,75.53,258,87.47,2659.69,3.86,20.87,1
SHP1242,76.54,95,103.97,2771.03,3.37,25.6,0
SHP1243,73.61,28,101.23,2168.33,4.34,19.98,0
SHP1244,32.76,93,78.88,1434.85,1.55,21.65,1
SHP1245,6.16,461,48.18,1529.58,1.0,15.39,1
SHP1246,74.62,420,100.6,3084.04,3.0,22.69,0
SHP1247,37.11,272,72.36,1712.77,1.11,26.64,1
SHP1248,77.5,249,103.06,2638.98,3.58,18.67,0
SHP1249,77.27,26,99.93,2257.02,2.95,28.0,0
SHP1250,68.98,193,94.9,2566.0,2.84,21.46,0
SHP1251,27.08,160,54.28,1416.63,1.98,14.57,1
SHP1252,33.88,187,70.88,1763.1,1.6,20.04,1
SHP1253,68.84,189,79.85,2544.7,2.8,24.33,1
SHP1254,28.77,412,62.79,1493.89,1.44,26.0,1
SHP1255,17.71,453,67.65,1754.61,1.0,22.8,1
SHP1256,46.76,302,64.02,2551.69,2.26,24.92,1
SHP1257,75.21,141,86.77,2877.83,5.11,18.06,1
SHP1258,57.2,213,85.32,2342.15,3.17,19.3,1
SHP1259,47.75,24,71.0,1483.63,2.37,16.8,1
SHP1260,12.29,48,33.78,947.7,1.0,19.49,1
SHP1261,51.13,184,71.15,2153.69,2.08,22.9,1
SHP1262,79.25,441,93.4,3124.53,3.32,21.53,0
SHP1263,15.51,358,58.89,1547.55,1.0,23.17,1
SHP1264,43.87,155,66.05,2100.41,2.44,18.66,1
SHP1265,70.8,384,109.16,2744.27,3.63,18.81,0
SHP1266,60.56,340,86.38,2364.87,2.93,21.51,1
SHP1267,57.28,361,81.94,2685.32,3.65,19.49,1
SHP1268,57.69,164,76.56,2219.67,2.24,24.25,1
SHP1269,31.96,346,61.63,2016.15,1.0,19.43,1
SHP1270,27.02,236,57.86,1633.83,1.13,19.76,1
SHP1271,65.7,320,109.35,2558.58,3.44,22.05,0
SHP1272,65.76,151,82.36,2449.21,3.69,20.03,1
SHP1273,70.03,311,89.95,2577.03,4.22,17.91,1
SHP1274,73.49,89,90.07,2382.84,3.65,18.25,0
SHP1275,43.35,271,79.31,2113.54,2.39,22.34,1
SHP1276,42.61,434,62.72,2269.19,3.01,17.6,1
SHP1277,64.87,294,91.59,2973.36,2.23,24.49,0
SHP1278,53.75,464,76.98,2279.05,2.76,19.27,1
SHP1279,57.65,383,88.97,2516.43,3.77,22.54,1
SHP1280,64.68,201,81.53,2224.8,2.89,19.42,1
SHP1281,71.75,186,72.18,2391.87,2.81,18.71,1
SHP1282,30.35,110,59.38,1322.81,2.23,21.62,1
SHP1283,33.17,221,64.29,1453.47,2.09,23.63,1
SHP1284,12.05,365,43.89,1562.56,1.0,20.38,1
SHP1285,48.37,38,63.57,1608.04,2.25,20.84,1
SHP1286,7.7,58,26.96,808.15,1.0,23.02,1
SHP1287,39.92,145,70.95,1608.95,1.78,23.1,1
SHP1288,45.7,470,84.45,2335.72,2.89,20.9,1
SHP1289,26.49,192,48.43,1734.74,1.01,19.89,1
SHP1290,49.31,160,68.14,2145.84,2.85,21.21,1
SHP1291,7.29,261,41.7,798.85,1.0,20.52,1
SHP1292,7.8,239,60.23,751.48,1.0,21.78,1
SHP1293,66.7,145,90.01,2553.61,3.41,18.01,0
SHP1294,32.01,77,49.35,1268.81,1.26,21.69,1
SHP1295,14.53,167,47.94,828.42,1.0,19.2,1
SHP1296,44.17,495,65.81,2586.65,1.56,23.26,1
SHP1297,62.75,475,96.56,2932.97,3.95,19.32,0
SHP1298,21.19,336,68.33,1621.19,1.0,19.36,1
SHP1299,51.72,402,93.83,2559.96,1.87,22.11,0
SHP1300,11.4,380,54.27,1204.03,1.0,21.04,1
